[
{
  "pk": 1, 
  "model": "links.link", 
  "fields": {
    "class_name": "StaticLink"
  }
},
{
  "pk": 2, 
  "model": "links.link", 
  "fields": {
    "class_name": "StaticLink"
  }
},
{
  "pk": 3, 
  "model": "links.link", 
  "fields": {
    "class_name": "StaticLink"
  }
},
{
  "pk": 4, 
  "model": "links.link", 
  "fields": {
    "class_name": "StaticLink"
  }
},
{
  "pk": 5, 
  "model": "links.link", 
  "fields": {
    "class_name": "StaticLink"
  }
},
{
  "pk": 6, 
  "model": "links.link", 
  "fields": {
    "class_name": "StaticLink"
  }
},
{
  "pk": 7, 
  "model": "links.link", 
  "fields": {
    "class_name": "StaticLink"
  }
},
{
  "pk": 8, 
  "model": "links.link", 
  "fields": {
    "class_name": "StaticLink"
  }
},
{
  "pk": 9, 
  "model": "links.link", 
  "fields": {
    "class_name": "StaticLink"
  }
},
{
  "pk": 10, 
  "model": "links.link", 
  "fields": {
    "class_name": "StaticLink"
  }
},
{
  "pk": 11, 
  "model": "links.link", 
  "fields": {
    "class_name": "StaticLink"
  }
},
{
  "pk": 12, 
  "model": "links.link", 
  "fields": {
    "class_name": "StaticLink"
  }
},
{
  "pk": 13, 
  "model": "links.link", 
  "fields": {
    "class_name": "StaticLink"
  }
},
{
  "pk": 14, 
  "model": "links.link", 
  "fields": {
    "class_name": "StaticLink"
  }
},
{
  "pk": 15, 
  "model": "links.link", 
  "fields": {
    "class_name": "StaticLink"
  }
},
{
  "pk": 16, 
  "model": "links.link", 
  "fields": {
    "class_name": "StaticLink"
  }
},
{
  "pk": 17, 
  "model": "links.link", 
  "fields": {
    "class_name": "StaticLink"
  }
},
{
  "pk": 18, 
  "model": "links.link", 
  "fields": {
    "class_name": "StaticLink"
  }
},
{
  "pk": 19, 
  "model": "links.link", 
  "fields": {
    "class_name": "StaticLink"
  }
},
{
  "pk": 1, 
  "model": "links.staticlink", 
  "fields": {
    "location": "/", 
    "label_text": "Home"
  }
},
{
  "pk": 2, 
  "model": "links.staticlink", 
  "fields": {
    "location": "/forum/", 
    "label_text": "Forum"
  }
},
{
  "pk": 3, 
  "model": "links.staticlink", 
  "fields": {
    "location": "/email/", 
    "label_text": "Contact"
  }
},
{
  "pk": 4, 
  "model": "links.staticlink", 
  "fields": {
    "location": "/about/", 
    "label_text": "About"
  }
},
{
  "pk": 5, 
  "model": "links.staticlink", 
  "fields": {
    "location": "/donate/", 
    "label_text": "Donate"
  }
},
{
  "pk": 6, 
  "model": "links.staticlink", 
  "fields": {
    "location": "/news/feed/", 
    "label_text": "Feed"
  }
},
{
  "pk": 7, 
  "model": "links.staticlink", 
  "fields": {
    "location": "/extensions/", 
    "label_text": "Extensions"
  }
},
{
  "pk": 8, 
  "model": "links.staticlink", 
  "fields": {
    "location": "/toolbar_button/", 
    "label_text": "Toolbar Buttons"
  }
},
{
  "pk": 9, 
  "model": "links.staticlink", 
  "fields": {
    "location": "/minimizetotray/", 
    "label_text": "MinimizeToTray Plus"
  }
},
{
  "pk": 10, 
  "model": "links.staticlink", 
  "fields": {
    "location": "/projects/xrl.in/", 
    "label_text": "Xrl.in Tiny Links"
  }
},
{
  "pk": 11, 
  "model": "links.staticlink", 
  "fields": {
    "location": "/toolbar_button/custom/", 
    "label_text": "Custom Button Sets"
  }
},
{
  "pk": 12, 
  "model": "links.staticlink", 
  "fields": {
    "location": "/toolbar_button/firefox/", 
    "label_text": "Firefox Buttons"
  }
},
{
  "pk": 13, 
  "model": "links.staticlink", 
  "fields": {
    "location": "/toolbar_button/faq/", 
    "label_text": "Toolbar Buttons FAQ"
  }
},
{
  "pk": 14, 
  "model": "links.staticlink", 
  "fields": {
    "location": "/toolbar_button/button_list/", 
    "label_text": "Button List"
  }
},
{
  "pk": 15, 
  "model": "links.staticlink", 
  "fields": {
    "location": "/toolbar_button/contributing/", 
    "label_text": "Contributing"
  }
},
{
  "pk": 16, 
  "model": "links.staticlink", 
  "fields": {
    "location": "/toolbar_button/screen_shots/", 
    "label_text": "Screen Shots"
  }
},
{
  "pk": 17, 
  "model": "links.staticlink", 
  "fields": {
    "location": "/software/", 
    "label_text": "Software"
  }
},
{
  "pk": 18, 
  "model": "links.staticlink", 
  "fields": {
    "location": "/graphics/", 
    "label_text": "Graphics"
  }
},
{
  "pk": 19, 
  "model": "links.staticlink", 
  "fields": {
    "location": "/toolbar_button/link-button-maker/", 
    "label_text": "Link Buttons"
  }
},
{
  "pk": 1, 
  "model": "menus.menu", 
  "fields": {
    "class_name": null, 
    "parent_item": null, 
    "name": "util-menu"
  }
},
{
  "pk": 2, 
  "model": "menus.menu", 
  "fields": {
    "class_name": "horizontal", 
    "parent_item": null, 
    "name": "site-menu"
  }
},
{
  "pk": 3, 
  "model": "menus.menu", 
  "fields": {
    "class_name": "", 
    "parent_item": 7, 
    "name": "extensions-menu"
  }
},
{
  "pk": 4, 
  "model": "menus.menu", 
  "fields": {
    "class_name": "", 
    "parent_item": 8, 
    "name": "toolbar-buttons-menu"
  }
},
{
  "pk": 1, 
  "model": "menus.menuitem", 
  "fields": {
    "index": 1, 
    "tag": "", 
    "link": 1, 
    "parent_menu": 1, 
    "has_child": false
  }
},
{
  "pk": 2, 
  "model": "menus.menuitem", 
  "fields": {
    "index": 2, 
    "tag": "", 
    "link": 2, 
    "parent_menu": 1, 
    "has_child": false
  }
},
{
  "pk": 3, 
  "model": "menus.menuitem", 
  "fields": {
    "index": 3, 
    "tag": "", 
    "link": 3, 
    "parent_menu": 1, 
    "has_child": false
  }
},
{
  "pk": 4, 
  "model": "menus.menuitem", 
  "fields": {
    "index": 4, 
    "tag": "", 
    "link": 4, 
    "parent_menu": 1, 
    "has_child": false
  }
},
{
  "pk": 5, 
  "model": "menus.menuitem", 
  "fields": {
    "index": 5, 
    "tag": "", 
    "link": 5, 
    "parent_menu": 1, 
    "has_child": false
  }
},
{
  "pk": 6, 
  "model": "menus.menuitem", 
  "fields": {
    "index": 6, 
    "tag": "feed", 
    "link": 6, 
    "parent_menu": 1, 
    "has_child": false
  }
},
{
  "pk": 7, 
  "model": "menus.menuitem", 
  "fields": {
    "index": 3, 
    "tag": "", 
    "link": 7, 
    "parent_menu": 2, 
    "has_child": true
  }
},
{
  "pk": 8, 
  "model": "menus.menuitem", 
  "fields": {
    "index": 1, 
    "tag": "", 
    "link": 8, 
    "parent_menu": 2, 
    "has_child": true
  }
},
{
  "pk": 9, 
  "model": "menus.menuitem", 
  "fields": {
    "index": 2, 
    "tag": "sepetator-menu", 
    "link": 9, 
    "parent_menu": 2, 
    "has_child": false
  }
},
{
  "pk": 10, 
  "model": "menus.menuitem", 
  "fields": {
    "index": 3, 
    "tag": "", 
    "link": 10, 
    "parent_menu": 3, 
    "has_child": false
  }
},
{
  "pk": 11, 
  "model": "menus.menuitem", 
  "fields": {
    "index": 1, 
    "tag": "", 
    "link": 8, 
    "parent_menu": 4, 
    "has_child": false
  }
},
{
  "pk": 12, 
  "model": "menus.menuitem", 
  "fields": {
    "index": 2, 
    "tag": "", 
    "link": 14, 
    "parent_menu": 4, 
    "has_child": false
  }
},
{
  "pk": 13, 
  "model": "menus.menuitem", 
  "fields": {
    "index": 3, 
    "tag": "", 
    "link": 11, 
    "parent_menu": 4, 
    "has_child": false
  }
},
{
  "pk": 14, 
  "model": "menus.menuitem", 
  "fields": {
    "index": 4, 
    "tag": "", 
    "link": 13, 
    "parent_menu": 4, 
    "has_child": false
  }
},
{
  "pk": 15, 
  "model": "menus.menuitem", 
  "fields": {
    "index": 5, 
    "tag": "", 
    "link": 12, 
    "parent_menu": 4, 
    "has_child": false
  }
},
{
  "pk": 16, 
  "model": "menus.menuitem", 
  "fields": {
    "index": 6, 
    "tag": "", 
    "link": 16, 
    "parent_menu": 4, 
    "has_child": false
  }
},
{
  "pk": 17, 
  "model": "menus.menuitem", 
  "fields": {
    "index": 7, 
    "tag": "", 
    "link": 15, 
    "parent_menu": 4, 
    "has_child": false
  }
},
{
  "pk": 18, 
  "model": "menus.menuitem", 
  "fields": {
    "index": 1, 
    "tag": "", 
    "link": 8, 
    "parent_menu": 3, 
    "has_child": false
  }
},
{
  "pk": 19, 
  "model": "menus.menuitem", 
  "fields": {
    "index": 2, 
    "tag": "", 
    "link": 9, 
    "parent_menu": 3, 
    "has_child": false
  }
},
{
  "pk": 20, 
  "model": "menus.menuitem", 
  "fields": {
    "index": 5, 
    "tag": "", 
    "link": 17, 
    "parent_menu": 2, 
    "has_child": false
  }
},
{
  "pk": 21, 
  "model": "menus.menuitem", 
  "fields": {
    "index": 4, 
    "tag": "", 
    "link": 18, 
    "parent_menu": 2, 
    "has_child": false
  }
},
{
  "pk": 22, 
  "model": "menus.menuitem", 
  "fields": {
    "index": 5, 
    "tag": "", 
    "link": 19, 
    "parent_menu": 3, 
    "has_child": false
  }
}
]
